{
    "m_Version": 10,
    "Enabled": 1,
    "FrameRateCheckSafeZoneInMs": 0,
    "CircleZones": [
        {
            "Center": [
                3728.27001953125,
                403.0,
                6003.60009765625
            ],
            "Radius": 300.0
        },
        {
            "Center": [
                1143.1400146484376,
                6.900000095367432,
                2423.27001953125
            ],
            "Radius": 180.0
        }
    ],
    "PolygonZones": [
        {
            "Positions": [
                [
                    12074.8,
                    140.0,
                    12751.4
                ],
                [
                    12275.5,
                    140.012,
                    12635.4
                ],
                [
                    11961.4,
                    142.171,
                    12360.5
                ],
                [
                    11742.7,
                    142.049,
                    12449
                ]
            ]
        }
    ],
    "CylinderZones": [],
    "ActorsPerTick": 5,
    "DisableVehicleDamageInSafeZone": 1,
    "EnableForceSZCleanup": 1,
    "ItemLifetimeInSafeZone": 3600.0,
    "EnableForceSZCleanupVehicles": 0,
    "VehicleLifetimeInSafeZone": 130000.0,
    "ForceSZCleanup_ExcludedItems": []
}