{
    "m_Version": 11,
    "Enabled": 1,
    "FrameRateCheckSafeZoneInMs": 0,
    "CircleZones": [
        {
            "Center": [
                3728.27001953125,
                403.0,
                6003.60009765625
            ],
            "Radius": 300.0
        },
        {
            "Center": [
                1143.1400146484376,
                6.900000095367432,
                2423.27001953125
            ],
            "Radius": 180.0
        }
    ],
    "PolygonZones": [
        {
            "Positions": [
                [
                    12074.7998046875,
                    140.0,
                    12751.400390625
                ],
                [
                    12275.5,
                    140.01199340820313,
                    12635.400390625
                ],
                [
                    11961.400390625,
                    142.17100524902345,
                    12360.5
                ],
                [
                    11742.7001953125,
                    142.0489959716797,
                    12449.0
                ]
            ]
        }
    ],
    "CylinderZones": [],
    "ActorsPerTick": 5,
    "DisablePlayerCollision": 0,
    "DisableVehicleDamageInSafeZone": 1,
    "EnableForceSZCleanup": 1,
    "ItemLifetimeInSafeZone": 3600.0,
    "EnableForceSZCleanupVehicles": 0,
    "VehicleLifetimeInSafeZone": 130000.0,
    "ForceSZCleanup_ExcludedItems": []
}