{
    "ConfigVersion": 4,
    "ID": 2,
    "ClassName": "ExpansionQuestNPCAIElias",
    "IsAI": 1,
    "Position": [
        3192.199951171875,
        296.7070007324219,
        6093.31005859375
    ],
    "Orientation": [
        145.0,
        0.0,
        0.0
    ],
    "NPCName": "Steve",
    "DefaultNPCText": "What do you want? I am busy...",
    "Waypoints": [
        [
            3192.199951171875,
            296.7070007324219,
            6093.31005859375
        ]
    ],
    "NPCEmoteID": 14,
    "NPCEmoteIsStatic": 1,
    "NPCLoadoutFile": "SurvivorLoadout",
    "IsStatic": 0
}